{"cameraMode":{"drawMode":0,"name":"Shaded","section":"Shading Mode"},"sceneLighting":true,"audioPlay":false,"sceneViewState":{"m_AlwaysRefresh":false,"showFog":true,"showSkybox":true,"showFlares":true,"showImageEffects":true,"showParticleSystems":true,"showVisualEffectGraphs":true,"m_FxEnabled":true},"in2DMode":false,"pivot":{"x":4.5806403160095219,"y":5.236044883728027,"z":-8.172070503234864},"rotation":{"x":-0.06266067177057266,"y":0.6626611948013306,"z":0.055795181542634967,"w":0.7442076802253723},"size":8.626592636108399,"orthographic":false}