{"cameraMode":{"drawMode":0,"name":"Shaded","section":"Shading Mode"},"sceneLighting":true,"audioPlay":false,"sceneViewState":{"m_AlwaysRefresh":false,"showFog":true,"showSkybox":true,"showFlares":true,"showImageEffects":true,"showParticleSystems":true,"showVisualEffectGraphs":true,"m_FxEnabled":true},"in2DMode":false,"pivot":{"x":0.1297377347946167,"y":0.1657235026359558,"z":-6.193354606628418},"rotation":{"x":-0.057183023542165759,"y":0.3155076503753662,"z":-0.019051289185881616,"w":-0.9470071196556091},"size":2.0660252571105959,"orthographic":false}