{"cameraMode":{"drawMode":0,"name":"Shaded","section":"Shading Mode"},"sceneLighting":false,"audioPlay":false,"sceneViewState":{"showFog":true,"showMaterialUpdate":false,"showSkybox":false,"showFlares":true,"showImageEffects":true,"showParticleSystems":true,"showVisualEffectGraphs":true,"m_FxEnabled":true},"in2DMode":false,"pivot":{"x":0.04379050433635712,"y":0.46167582273483279,"z":-0.17464344203472138},"rotation":{"x":0.12106183171272278,"y":-0.04762820526957512,"z":0.005815199110656977,"w":0.9914855360984802},"size":1.1241166591644288,"orthographic":true}