{"cameraMode":{"drawMode":0,"name":"Shaded","section":"Shading Mode"},"sceneLighting":false,"audioPlay":false,"sceneViewState":{"m_AlwaysRefresh":false,"showFog":true,"showSkybox":false,"showFlares":true,"showImageEffects":true,"showParticleSystems":true,"showVisualEffectGraphs":true,"m_FxEnabled":true},"in2DMode":false,"pivot":{"x":2.027393102645874,"y":-0.15298539400100709,"z":-6.819643497467041},"rotation":{"x":-0.009636465460062027,"y":-0.6220400929450989,"z":0.0076585011556744579,"w":-0.7828930020332336},"size":2.9221463203430177,"orthographic":false}