{"cameraMode":{"drawMode":0,"name":"Shaded","section":"Shading Mode"},"sceneLighting":false,"audioPlay":false,"sceneViewState":{"m_AlwaysRefresh":false,"showFog":true,"showSkybox":false,"showFlares":true,"showImageEffects":true,"showParticleSystems":true,"showVisualEffectGraphs":true,"m_FxEnabled":true},"in2DMode":false,"pivot":{"x":-1.2799999713897706,"y":3.390000104904175,"z":-1.909999966621399},"rotation":{"x":-0.20431269705295564,"y":0.021139657124876977,"z":-0.00441399309784174,"w":-0.9786698222160339},"size":0.24494902789592744,"orthographic":false}